{
  "steps": [
    1,
    2,
    3,
    4,
    5,
    6,
    7,
    8,
    9,
    10,
    11
  ],
  "loss": [
    1.8912400007247925,
    1.9467439651489258,
    1.6652255058288574,
    1.4412012100219727,
    1.3447388410568237,
    1.2354098558425903,
    1.2311581373214722,
    1.132004737854004,
    1.1448291540145874,
    1.0951428413391113,
    1.0952051877975464
  ],
  "meta": {
    "model": "Qwen/Qwen2.5-3B-Instruct",
    "epochs": 1,
    "learning_rate": 0.0002,
    "lora_rank": 16,
    "lora_alpha": 32,
    "batch_size": 4,
    "grad_accum": 4,
    "max_len": 1024,
    "seed": 42,
    "wall_seconds": 13.7,
    "trainable_params": 29933568,
    "total_params": 3115872256
  }
}