{
  "steps": [
    1,
    2,
    3,
    4,
    5,
    6,
    7,
    8,
    9,
    10,
    11,
    12,
    13,
    14,
    15,
    16,
    17,
    18,
    19,
    20,
    21,
    22,
    23,
    24,
    25,
    26,
    27,
    28,
    29,
    30,
    31,
    32,
    33,
    34,
    35,
    36,
    37,
    38,
    39,
    40,
    41,
    42,
    43,
    44,
    45,
    46,
    47,
    48,
    49,
    50,
    51,
    52,
    53,
    54,
    55,
    56,
    57,
    58,
    59,
    60,
    61,
    62,
    63,
    64,
    65,
    66,
    67,
    68,
    69,
    70,
    71,
    72,
    73,
    74,
    75,
    76,
    77,
    78,
    79,
    80,
    81,
    82,
    83,
    84,
    85,
    86,
    87,
    88,
    89,
    90,
    91,
    92,
    93,
    94,
    95,
    96,
    97,
    98,
    99,
    100,
    101,
    102,
    103,
    104,
    105,
    106,
    107,
    108,
    109,
    110,
    111,
    112,
    113,
    114,
    115,
    116,
    117,
    118,
    119,
    120,
    121,
    122,
    123,
    124,
    125,
    126,
    127,
    128,
    129,
    130,
    131,
    132,
    133,
    134,
    135,
    136,
    137,
    138,
    139,
    140,
    141,
    142,
    143,
    144,
    145,
    146,
    147,
    148,
    149,
    150,
    151,
    152,
    153,
    154,
    155,
    156,
    157,
    158,
    159,
    160,
    161,
    162,
    163,
    164,
    165,
    166,
    167,
    168,
    169,
    170,
    171,
    172,
    173,
    174,
    175,
    176,
    177,
    178,
    179,
    180,
    181,
    182,
    183,
    184,
    185,
    186,
    187,
    188,
    189,
    190,
    191,
    192,
    193,
    194,
    195,
    196,
    197,
    198,
    199,
    200,
    201,
    202,
    203,
    204,
    205,
    206,
    207,
    208,
    209,
    210,
    211,
    212,
    213,
    214,
    215,
    216,
    217,
    218,
    219,
    220,
    221,
    222,
    223,
    224,
    225,
    226,
    227,
    228,
    229,
    230,
    231,
    232,
    233,
    234,
    235,
    236,
    237,
    238,
    239,
    240,
    241,
    242,
    243,
    244,
    245,
    246,
    247,
    248,
    249,
    250,
    251,
    252,
    253,
    254,
    255,
    256,
    257,
    258
  ],
  "loss": [
    1.8533390760421753,
    1.8610682487487793,
    1.8731024265289307,
    1.8311221599578857,
    1.6201491355895996,
    1.5125466585159302,
    1.381343126296997,
    1.3697237968444824,
    1.2693657875061035,
    1.158507227897644,
    1.0459123849868774,
    1.0874686241149902,
    0.9782279133796692,
    1.042359471321106,
    0.9940887689590454,
    0.9251297116279602,
    0.9523292779922485,
    0.9396724700927734,
    0.8523901700973511,
    0.8888334035873413,
    0.841704249382019,
    0.8246806263923645,
    0.8982334733009338,
    0.8864883780479431,
    0.8703123331069946,
    0.7863355278968811,
    0.8517053127288818,
    0.8430294394493103,
    0.800439715385437,
    0.8114780783653259,
    0.8316364884376526,
    0.7636561393737793,
    0.7694215178489685,
    0.7903270125389099,
    0.8380334377288818,
    0.8243883848190308,
    0.7459273338317871,
    0.7421064376831055,
    0.8734722137451172,
    0.7931838035583496,
    0.8180711269378662,
    0.746947705745697,
    0.8165324926376343,
    0.757568895816803,
    0.7516076564788818,
    0.8160414695739746,
    0.8138490319252014,
    0.7555961012840271,
    0.8068103790283203,
    0.7435327172279358,
    0.740582287311554,
    0.7207635045051575,
    0.7452498078346252,
    0.71353679895401,
    0.7422503232955933,
    0.7619743347167969,
    0.7687156200408936,
    0.733672022819519,
    0.7716408967971802,
    0.7182533144950867,
    0.7356148958206177,
    0.7056517601013184,
    0.7287165522575378,
    0.7367514967918396,
    0.6653973460197449,
    0.7565670013427734,
    0.7481443881988525,
    0.7821481823921204,
    0.7914760112762451,
    0.6942611932754517,
    0.7745221257209778,
    0.72115159034729,
    0.7108879089355469,
    0.6757900714874268,
    0.7589407563209534,
    0.7145446538925171,
    0.6908409595489502,
    0.6964646577835083,
    0.739486813545227,
    0.7236303091049194,
    0.7513881921768188,
    0.7372691631317139,
    0.7323719263076782,
    0.7359458208084106,
    0.7408549785614014,
    0.8069696426391602,
    0.6391907334327698,
    0.6559498310089111,
    0.6829410195350647,
    0.6044034957885742,
    0.6377116441726685,
    0.6267113089561462,
    0.6350299119949341,
    0.5682955384254456,
    0.6688798666000366,
    0.623008131980896,
    0.6579045057296753,
    0.6250545978546143,
    0.632293164730072,
    0.6245843172073364,
    0.6112364530563354,
    0.6359280943870544,
    0.6305000185966492,
    0.6288524866104126,
    0.5962428450584412,
    0.6144540309906006,
    0.5986944437026978,
    0.6360820531845093,
    0.6179038286209106,
    0.5908196568489075,
    0.6942607164382935,
    0.5770591497421265,
    0.5793098211288452,
    0.541577160358429,
    0.6043672561645508,
    0.6459212303161621,
    0.5930032134056091,
    0.5446321368217468,
    0.5887609720230103,
    0.6147797107696533,
    0.5634577870368958,
    0.6228859424591064,
    0.6025041937828064,
    0.6537927985191345,
    0.5897783041000366,
    0.5953323841094971,
    0.6244769096374512,
    0.5928806066513062,
    0.6151894927024841,
    0.6696049571037292,
    0.6108978986740112,
    0.6195887923240662,
    0.6259045600891113,
    0.6258626580238342,
    0.6284055113792419,
    0.5639156103134155,
    0.6594324111938477,
    0.5895170569419861,
    0.5925101637840271,
    0.5446397662162781,
    0.6272913217544556,
    0.6453335881233215,
    0.643031120300293,
    0.5597356557846069,
    0.6198500990867615,
    0.568358302116394,
    0.5870970487594604,
    0.6083812713623047,
    0.6046321392059326,
    0.6698203086853027,
    0.6494601368904114,
    0.6066468358039856,
    0.5412778258323669,
    0.5772001147270203,
    0.5887004733085632,
    0.6174756288528442,
    0.6319915652275085,
    0.5926037430763245,
    0.6286109685897827,
    0.5950855016708374,
    0.6030831336975098,
    0.6039454340934753,
    0.5686392188072205,
    0.5870627164840698,
    0.6004589200019836,
    0.6033452749252319,
    0.5006498098373413,
    0.6038302183151245,
    0.592262864112854,
    0.5704200863838196,
    0.6108989715576172,
    0.597857654094696,
    0.5235280990600586,
    0.5136043429374695,
    0.4785516858100891,
    0.5105746984481812,
    0.5116992592811584,
    0.47533363103866577,
    0.5212535858154297,
    0.510492742061615,
    0.525733470916748,
    0.4898926913738251,
    0.5500672459602356,
    0.5093523859977722,
    0.4969826340675354,
    0.5358004570007324,
    0.507908821105957,
    0.48683053255081177,
    0.5005756616592407,
    0.4984436631202698,
    0.47995179891586304,
    0.48643603920936584,
    0.4855254590511322,
    0.5744642615318298,
    0.4880935251712799,
    0.4814247488975525,
    0.48315489292144775,
    0.4818004369735718,
    0.510856032371521,
    0.4322134852409363,
    0.4875333309173584,
    0.49697038531303406,
    0.506553053855896,
    0.49519115686416626,
    0.5266706943511963,
    0.49670183658599854,
    0.5082787871360779,
    0.48407694697380066,
    0.49910640716552734,
    0.49627113342285156,
    0.5066754817962646,
    0.5020059943199158,
    0.5101977586746216,
    0.48842859268188477,
    0.47443127632141113,
    0.464322566986084,
    0.45120012760162354,
    0.4889906048774719,
    0.4922465682029724,
    0.49853792786598206,
    0.5209317207336426,
    0.4650760889053345,
    0.4954325556755066,
    0.46210217475891113,
    0.4959189295768738,
    0.5327948927879333,
    0.4886903762817383,
    0.4855315089225769,
    0.49146488308906555,
    0.4975964426994324,
    0.5223965644836426,
    0.503915548324585,
    0.505487322807312,
    0.5187311172485352,
    0.4468492865562439,
    0.46330565214157104,
    0.535863995552063,
    0.484706312417984,
    0.5185850262641907,
    0.47343337535858154,
