{
  "target_token": "Thanks",
  "target_id": 12658,
  "p_by_layer": {
    "base": [
      9.317416697740555e-05,
      2.9814702884323196e-07,
      6.583408662663714e-07,
      2.1631609570249566e-07,
      2.4785327923382283e-07,
      2.2704834634623694e-07,
      9.782278453940307e-08,
      6.897071216371842e-07,
      7.473900041077286e-06,
      1.0427535926282872e-05,
      1.3635130017064512e-05,
      0.0008179049473255873,
      0.00022536201868206263,
      0.0012458745623007417,
      0.0003659505455289036,
      0.0020235648844391108,
      0.001798175391741097,
      0.0008172148372977972,
      0.00023858569329604506,
      0.00014846905833110213,
      0.00014351836580317467,
      0.0002530188939999789,
      0.0006277128122746944,
      0.0023356061428785324,
      0.0006614843150600791,
      0.0011971400817856193,
      0.0017043357947841287,
      0.0016383983893319964,
      0.001225948566570878,
      0.009393887594342232,
      0.06498917192220688,
      0.004138559568673372,
      0.009553023613989353,
      0.024020565673708916,
      0.008842535316944122,
      0.009149163030087948
    ],
    "tuned": [
      6.753818888682872e-05,
      1.5630877214789507e-07,
      1.522435297829361e-07,
      4.2269821420859444e-08,
      1.5502715200454986e-07,
      6.339274705169373e-08,
      4.3088139278779636e-08,
      4.252360952250456e-07,
      1.126425286201993e-05,
      8.641378371976316e-06,
      3.881767770508304e-05,
      0.0005327148246578872,
      0.00031078176107257605,
      0.0015268109273165464,
      0.001037135603837669,
      0.001962960697710514,
      0.005110276397317648,
      0.004487736150622368,
      0.0016784095205366611,
      0.0006756153889000416,
      0.0006940456223674119,
      0.000534447783138603,
      0.0014391776639968157,
      0.008906889706850052,
      0.0024033610243350267,
      0.002595873549580574,
      0.0021177807357162237,
      0.0092807961627841,
      0.04682670533657074,
      0.036107391119003296,
      0.22355425357818604,
      0.13511645793914795,
      0.46363595128059387,
      0.7338625192642212,
      0.9617534875869751,
      0.9995421171188354
    ]
  }
}